/*
 Navicat Premium Data Transfer

 Source Server         : mysql8
 Source Server Type    : MySQL
 Source Server Version : 80015
 Source Host           : localhost:3306
 Source Schema         : donate_apply

 Target Server Type    : MySQL
 Target Server Version : 80015
 File Encoding         : 65001

 Date: 31/05/2019 22:01:44
*/

SET NAMES utf8mb4;
SET FOREIGN_KEY_CHECKS = 0;

-- ----------------------------
-- Table structure for dt_appeal
-- ----------------------------
DROP TABLE IF EXISTS `dt_appeal`;
CREATE TABLE `dt_appeal`  (
  `id` int(11) NOT NULL AUTO_INCREMENT COMMENT '求助表：个人；公益',
  `apply_id` int(11) DEFAULT NULL COMMENT '申请ID',
  `user_id` int(11) DEFAULT NULL COMMENT '审批人Id',
  `user_name` varchar(255) CHARACTER SET utf8 COLLATE utf8_general_ci DEFAULT NULL COMMENT '审批人名字',
  `title` varchar(255) CHARACTER SET utf8 COLLATE utf8_general_ci DEFAULT NULL COMMENT '求职标题',
  `content` text CHARACTER SET utf8 COLLATE utf8_general_ci COMMENT '求助内容',
  `appeal_type` int(4) DEFAULT NULL COMMENT '求助类型：0，公益；1个人',
  `appeal_state` int(4) DEFAULT NULL COMMENT '状态：0，完成；1，进行中；',
  `appeal_verify` int(4) DEFAULT NULL COMMENT '通过：0，审核中；1，审核通过；2审核未通过',
  `appeal_count` decimal(10, 0) DEFAULT NULL COMMENT '捐赠次数',
  `file` varchar(255) CHARACTER SET utf8 COLLATE utf8_general_ci DEFAULT NULL COMMENT '封面',
  `goal` decimal(10, 2) DEFAULT NULL COMMENT '目标金额',
  `completed` decimal(10, 2) DEFAULT NULL COMMENT '完成金额',
  `gmt_created` datetime(0) DEFAULT NULL COMMENT '创建时间',
  `gmt_modified` datetime(0) DEFAULT NULL COMMENT '修改时间',
  `is_deleted` int(4) DEFAULT NULL,
  PRIMARY KEY (`id`) USING BTREE
) ENGINE = InnoDB AUTO_INCREMENT = 28 CHARACTER SET = utf8 COLLATE = utf8_general_ci ROW_FORMAT = Compact;

-- ----------------------------
-- Records of dt_appeal
-- ----------------------------
INSERT INTO `dt_appeal` VALUES (12, 13, 2, 'superadmin', '圆梦大学，爱心传递', '<p><img src=\"http://donate-store.oss-cn-beijing.aliyuncs.com/user_img/1558171773999.jpg\">测试测试测试测试测试测试测试测试测试测试测试测试测试测试测试测试测试测试测试测试测试测试测试测试测试测试测试测试测试测试测试测试测试测试测试测试测试测试测试测试测试测试测试测试测试测试测试测试测试测试测试测试测试测试测试测试测试测试测试测试测试测试测试测试测试测试测试测试测试测试测试测试测试测试测试测试测试测试测试测试测试测试测试测试测试测试测试测试<img src=\"http://donate-store.oss-cn-beijing.aliyuncs.com/user_img/1558171773999.jpg\">测试测试测试测试</p><p>测试测试测试测试测试测试测试测试测试测试测试测试测试测试测试测试测试测试测试测试测试测试测试测试测试测试测试测试测试测试测试测试测试测试测试测试测试测试测试测试测试测试测试测试</p>', 1, 1, 0, 0, 'http://donate-store.oss-cn-beijing.aliyuncs.com/user_img/1558171782418.jpg', 10000.00, 0.00, '2019-05-23 17:30:22', '2019-05-23 17:30:22', 0);
INSERT INTO `dt_appeal` VALUES (13, 14, 2, 'superadmin', '救救孩子', '<p>救救孩子救救孩子救救孩子救救孩子救救孩子救救孩子救救孩子救救孩子救救孩子救救孩子救救孩子救救孩子救救孩子救救孩子救救孩子救救孩子救救孩子救救孩子救救孩子救救孩子救救孩子救救孩子救救孩子救救孩子救救孩子救救孩子救救孩子救救孩子救救孩子救救孩子救救孩子救救孩子救救孩子救救孩子救救孩子救救孩子救救孩子救救孩子救救孩子救救孩子救救孩子救救孩子救救孩子救救孩子救救孩子救救孩子救救孩子救救孩子救救孩子救救孩子救救孩子救救孩子救救孩子救救孩子救救孩子救救孩子救救孩子救救孩子救救孩子救救孩子救救孩子救救孩子<img src=\"http://donate-store.oss-cn-beijing.aliyuncs.com/user_img/1558179467309.jpg\">救救孩子救救孩子救救救孩子救救孩子救救孩子救救孩子救救孩子救孩子救救孩子救救孩子救救孩子救救孩子救救孩子救救孩子救救孩子救救孩子救救孩子救救孩子救救孩子救救孩子救救孩子救救孩子救救孩子救救孩子救救孩子救救孩子救救孩子救救孩子救救孩子救救孩子</p><p>救救孩子救救孩子救救孩子救救孩子救救孩子救救孩子救救孩子救救孩子救救孩子救救孩子救救孩子救救孩子救救孩子救救孩子救救孩子救救孩子救救孩子救救孩子救救孩子救救孩子救救孩子救救孩子救救孩子救救孩子救救孩子救救孩子救救孩子救救孩子救救孩子救救孩子救救孩子救救孩子救救孩子救救孩子救救孩子救救孩子救救孩子救救孩子救救孩子救救孩子救救孩子救救孩子救救孩子救救孩子救救孩子救救孩子救救孩子救救孩子救救孩子救救孩子救救孩子救救孩子救救孩子救救孩子救救孩子救救孩子救救孩子救救孩子救救孩子救救孩子救救孩子救救孩子<img src=\"http://donate-store.oss-cn-beijing.aliyuncs.com/user_img/1558179467309.jpg\">救救孩子救救孩子救救救孩子救救孩子救救孩子救救孩子救救孩子救孩子救救孩子救救孩子救救孩子救救孩子救救孩子救救孩子救救孩子救救孩子救救孩子救救孩子救救孩子救救孩子救救孩子救救孩子救救孩子救救孩子救救孩子救救孩子救救孩子救救孩子救救孩子救救孩子</p>', 1, 0, 0, 2, 'http://donate-store.oss-cn-beijing.aliyuncs.com/user_img/1558179472760.jpg', 12000.00, 0.20, '2019-05-24 19:38:24', '2019-05-24 19:38:24', 0);
INSERT INTO `dt_appeal` VALUES (14, 15, 2, 'superadmin', '救救支离破碎的家庭', '<p><img src=\"http://donate-store.oss-cn-beijing.aliyuncs.com/user_img/1558182451239.jpg\"></p><p><span style=\"color: rgb(119, 119, 119);\">尘肺病侵蚀并剥夺他们享有自由呼吸的权利，如不及时治疗病情逐步升级。尘肺病高发地，众多</span></p><p><span style=\"color: rgb(119, 119, 119);\">患者亟需救助。引起社会关注的“窒息的村庄”就是一个缩影。生活在大山深处的农民怀揣致富</span></p><p><span style=\"color: rgb(119, 119, 119);\">梦想，在漆黑的巷道和不见天日的粉尘弥漫环境中从事高强度体力劳动，没有任何有效防护，上</span></p><p><span style=\"color: rgb(119, 119, 119);\">百名青壮年不幸染上尘肺病，家庭陷入极度贫困。</span></p><p><img src=\"http://donate-store.oss-cn-beijing.aliyuncs.com/user_img/1558182486477.jpg\"></p><p><span style=\"color: rgb(119, 119, 119);\">贵州省姚见玖在个体矿山打工14年，2001年确诊尘肺病，没有工伤保障，治病花光家中积蓄，</span></p><p><span style=\"color: rgb(119, 119, 119);\">老婆不堪忍受贫困，离家出走，留下三个年幼的孩子。我会为他进行了肺灌洗手术后，病情好</span></p><p><span style=\"color: rgb(119, 119, 119);\">转。他高兴地说：“我胸不痛了，气喘也消失了， 回去也能干些活了，感谢基金会，是你们救</span></p><p><span style=\"color: rgb(119, 119, 119);\">了我的命”。</span></p>', 1, 0, 1, 0, 'http://donate-store.oss-cn-beijing.aliyuncs.com/user_img/1558182531220.jpg', 20000.00, 0.00, '2019-05-25 20:28:52', '2019-05-25 20:28:52', 0);
INSERT INTO `dt_appeal` VALUES (15, 16, 2, 'superadmin', '爱心捐助 情暖校园', '<h3 class=\"ql-align-justify\">	  送人玫瑰，手留余香。12月21日，在这碧空如洗、阳光明媚的一天，我县高杰村镇政府领导鲍东东，司法所</h3><h3 class=\"ql-align-justify\">所长贺志文，社会各界爱心人士及企业代表及家长汇聚我校，一同迎来了\"送温暖、献爱心\"爱心捐赠活动。</h3><h3 class=\"ql-align-justify\">我们是一所乡镇九年制学校，多年来，我们接受着来自方方面面的支教与捐赠，他们的每一次到来，都激励我们奋力前行。我们铭记于心。这些支持与关爱，犹如一股暖流浸润我们心田，我们感到无比幸福。各界爱心人士，他们关注孩子，关注老师，他们愿尽可能多的发现问题，解决问题，探索解决问题的路径。</h3><p><img src=\"http://donate-store.oss-cn-beijing.aliyuncs.com/user_img/1558275249415.jpg\"></p><h3 class=\"ql-align-center\"><strong>捐赠仪式正式开始，由我校领导白主任主持</strong></h3><h3 class=\"ql-align-justify\"><strong>　 六年级白清霞同学代表受资助的学生发言，以表达全校师生对爱心人士的感激之情，同时也表明了自己</strong></h3><h3 class=\"ql-align-justify\"><strong>及其他同学一定会倍加努力，争取做一个对社会有用的人。</strong></h3><h3 class=\"ql-align-justify\"><strong>　　爱心人士为我校贫困生送来了棉衣与书包，看着这些充满爱心的崭新的棉衣与书包，同学们激动不已。</strong></h3>', 0, 0, 0, 3, 'http://donate-store.oss-cn-beijing.aliyuncs.com/user_img/1558275264790.jpg', 20000.00, 0.30, '2019-05-19 22:14:40', '2019-05-19 22:14:40', 0);
INSERT INTO `dt_appeal` VALUES (16, 17, 2, 'superadmin', '走进校园传递爱心', '<h3 class=\"ql-align-justify\">　　寒冬无情，真爱无价。12月29日孙家集街道办事处李主任，驻街道市人大代表，孙家集教育学区梁增堂主任，宏源集团领导共同来到孙家集中心小学举行爱心捐赠活动，给孙家集街道的寒门学子送上关爱。</h3><p><img src=\"http://donate-store.oss-cn-beijing.aliyuncs.com/user_img/1558275550384.jpg\"></p><h3 class=\"ql-align-justify\">　　扶危救困、捐资助学是我们中华民族的传统美德，关心和救助贫困学生，一直以来是孙家集街道党委、街道办事处、教办高度重视的问题，“资助一名贫困生，温暖一个家庭，播种一个希望，成就一个未来”已成为街道上下的共识。</h3><p><img src=\"http://donate-store.oss-cn-beijing.aliyuncs.com/user_img/1558275557886.jpg\"></p><h3 class=\"ql-align-justify\">        这次捐助贫困学生的倡议一经发出，就得到了良心企业宏源集团及社会各界的积极响应和大力支持，用实际行动诠释了“人大代表为人民”的风采和“心系教育、关爱学生”的社会责任。</h3><p><br></p>', 0, 1, 0, 0, 'http://donate-store.oss-cn-beijing.aliyuncs.com/user_img/1558275626626.jpeg', 26000.00, 0.00, '2019-05-19 22:20:20', '2019-05-19 22:20:20', 0);
INSERT INTO `dt_appeal` VALUES (17, 18, 2, 'superadmin', '爱心涌动 情满校园', '<p>为弘扬雷锋精神，丰富学生校园生活，我校高一年级于2018年3月12日下午举行校园爱心义卖活动。 篮球场上，以班级为单位的摊位依次铺开，书籍、文具、工艺品、生活用品等一应俱全，每班还安排了推销员、记账员、环保员等。活动现场，人头攒动，热情的叫卖声不绝于耳，摩肩接踵，爱心如潮，盛况空前！一个小时的义卖活动虽然短暂，但同学们收获颇多。他们不仅在买卖中体会了交易的规则，更体验到了一份奉献、付出的快乐。 涓涓细流汇成海，点点爱心聚希望。本次爱心义卖活动共筹得善款10536.7元，这些善款将转交校团委，由校团委组织学生志愿者服务队，慰问市社会福利院的孤寡老人和市儿童福利院的孩子们。</p><p><img src=\"http://donate-store.oss-cn-beijing.aliyuncs.com/user_img/1558275743678.jpg\"></p>', 0, 0, 0, 3, 'http://donate-store.oss-cn-beijing.aliyuncs.com/user_img/1558275749180.jpg', 12345.00, 0.30, '2019-05-19 22:22:29', '2019-05-19 22:22:29', 0);
INSERT INTO `dt_appeal` VALUES (18, 19, 2, 'superadmin', '我想活着', '<p><span style=\"background-color: rgb(255, 255, 255);\">2018年12月31日凌晨，河南郑州一居民楼发生突发火灾，危急时刻，16岁的姐姐周月莹将12岁的弟弟周京奥抱在怀中，把仅有的一条湿毛巾捂在弟弟脸上，用自己的身体为弟弟筑起一道防火墙。姐弟俩下楼冲出火场时，一股夹杂着浓烟和火苗的巨大热浪推动了防盗门，拍晕了姐弟俩。生死关头，消防官兵冲入火海，成功救出了所有被困人员。</span></p><p><img src=\"http://donate-store.oss-cn-beijing.aliyuncs.com/user_img/1558350841780.jpg\"></p><p><br></p><p><span style=\"background-color: rgb(255, 255, 255);\">在郑州市第一人民医院的病床上，姐弟俩昏迷了两天才醒过来。姐姐烧伤面积高达90%，全身上下没有一块好皮肤；弟弟烧伤面积60%，屁股和腿都被烧烂了。死里逃生的姐姐，被镜子里的自己吓了一跳，满脸烧伤的疤痕，没有一处好地方，几乎看不出本来的模样了。她哭着说自己变成了一个丑八怪，以后嫁不出去了。</span></p><p><br></p><p><br></p>', 1, 0, 0, 2, 'http://donate-store.oss-cn-beijing.aliyuncs.com/user_img/1558350794503.jpg', 200000.00, 0.20, '2019-05-20 19:14:36', '2019-05-20 19:14:36', 0);
INSERT INTO `dt_appeal` VALUES (19, 20, 2, 'superadmin', '我要重新站起来', '<p>我叫张元龙今年27岁，我是一名国通快递公司的班车司机，2016年6月20日下班途中，被一辆逆行超车的面包车撞成了高位截瘫，险些丧命。无情的车祸给我带来的是无尽的痛苦、折磨，同时高昂的医疗费用对于一个普通家庭更是沉重的打击。</p><p><img src=\"http://donate-store.oss-cn-beijing.aliyuncs.com/user_img/1558872366186.jpg\"></p><p>我当时在ICU重症监护室抢救了两个月，终于保住了性命,但是伤到了神经，恢复起来异常的艰难，现在已经一年多了我还只能躺在床上来面对这个世界。父母已经50多岁了，还要为我日夜操劳，每天24小时神经都要紧绷着。女儿才四岁，小儿子一岁九个月，妻子一直没有出去工作过。我现在生活不能自理，至少还需要两个人24小时照顾。因为长期卧床最可怕的是并发症，压疮、肌肉萎缩、结石、痉挛、缺氧，每一项都是致命的。</p><p><img src=\"http://donate-store.oss-cn-beijing.aliyuncs.com/user_img/1558872419170.jpg\"></p><p>27岁，正是年富力强呈上启下的阶段，但是命运却给我开了个天大的玩笑，让我上不能孝顺父母下不能养育子女。我的第一次治疗是在开封市中心医院五福路院区，治疗164天花费26万余元，后来转诊到北京博爱医院进行专业康复，87天花费5万余元。仅仅一年多的时间里，我的医疗费用共花了50多万元，其中有30多万都是借款。</p><p><br></p>', 0, 0, 0, 3, 'http://donate-store.oss-cn-beijing.aliyuncs.com/user_img/1558872463752.jpg', 30000.00, 0.30, '2019-05-26 20:07:58', '2019-05-26 20:07:58', 0);
INSERT INTO `dt_appeal` VALUES (20, 21, 2, 'superadmin', '校园爱心，帮扶他人', '<p><span style=\"background-color: rgb(255, 255, 255); color: rgb(51, 51, 51);\">&nbsp;春节，一个与家人一同共享欢乐的喜庆日子，对我来说却是那么的可望而不可即。1月24日，由于身体极度难受，家人带我前往医院诊断，最终被确诊为急性白血病，一场艰难的攻坚战也由此拉开了序幕。</span></p><p><span style=\"background-color: rgb(255, 255, 255); color: rgb(51, 51, 51);\">明天与意外，你永远也不知道哪一个先降临！今日我算是切身体会到了这一点。</span></p><p><span style=\"background-color: rgb(255, 255, 255); color: rgb(51, 51, 51);\">我叫袁赟，一名南昌航空大学的普通大三学生，出生于一个普通的农村家庭，家中除了父母外，还有一个年幼的弟弟。父母文化程度低，一直靠打工、做小本生意养活这个大家庭。自打我进入大学以来，我一直是父母的骄傲，学习上刻苦用功，闲暇时刻一直做兼职，缓解家庭的经济压力，日子过得都很开心。直到有一日，晨起漱口的时候，突然发现漱口时略微带有一丝血迹，但是当时的我并没有太在意。到后来，出血的频率愈来愈多，我也只是单纯的以为是口腔类疾病，没什么大碍。直到年前，实在疼痛难忍，便于父母一同前往医院就诊。而诊断结果却给了我们这个不堪的家庭沉重一击——急性髓性白血病-M2a型。</span></p><p><img src=\"http://donate-store.oss-cn-beijing.aliyuncs.com/user_img/1558874527494.jpg\"></p><p><span style=\"background-color: rgb(255, 255, 255); color: rgb(51, 51, 51);\">得知噩耗后，父母都为之憔悴，奈何家境贫寒，家中还有一个年幼十岁的弟弟，家庭的那些微薄收入，本已让我们一家人的生活捉襟见肘，如今我也倒下，更是加重家庭负担。之前第一个疗程就用了将近三万，随后还需要近六、七次化疗，而且每次化疗需要将近六七万，然后准备移植，移植这边还要准备好50万，这天文数字般的费用让我们深感无力！</span></p><p><img src=\"http://donate-store.oss-cn-beijing.aliyuncs.com/user_img/1558874558740.jpg\"></p><p><span style=\"background-color: rgb(255, 255, 255); color: rgb(51, 51, 51);\">我一直很开朗，大学生活教会了我许多。我明白，这是属于我的一段万里长征路，但我还是恳请各位社会好心人士能够给予我们这个家庭一点援助，帮助我们度过这个生命的难关，能够让我完成学业，减轻家庭负担，为父母颐养天年。衷心的感谢每一位帮助我的人，只要还有一丝希望我都一定会坚持下去的，也祝愿大家身体健康。谢谢大家！</span></p>', 0, 0, 0, 4, 'http://donate-store.oss-cn-beijing.aliyuncs.com/user_img/1558874575955.jpg', 60000.00, 0.40, '2019-05-26 20:43:01', '2019-05-26 20:43:01', 0);
INSERT INTO `dt_appeal` VALUES (21, 22, 2, 'superadmin', '公益万里行——捐赠暖校园', '<p>	又是一年寒冬际，最是情暖岁寒时。12月26日上午，法学院党委书记周曼一行四人来到瑞金市瑞明小学，举行“爱心捐赠仪式”。瑞金市瑞明小学校长沈建芹、瑞金市教育局副局长杨小洲、法学院副院长邓建中、李海峰、法学院周良慧博士以及瑞明小学教师参加了捐赠仪式。</p><p><img src=\"http://donate-store.oss-cn-beijing.aliyuncs.com/user_img/1558882439484.png\"></p><p>	学院情系瑞明小学，带着浓浓爱心，为瑞金市瑞明小学捐赠了10台电脑，改善了办公条件。随后，周书记一行参观了校园，了解教育教学开展情况，并希望发挥学院专业特色，继续与该瑞明小学结对子，进行更为深入开展普法宣传教育主题活动。</p><p><img src=\"http://donate-store.oss-cn-beijing.aliyuncs.com/user_img/1558882468488.png\"></p>', 1, 0, 0, 4, 'http://donate-store.oss-cn-beijing.aliyuncs.com/user_img/1558882481506.png', 30000.00, 0.40, '2019-05-26 22:55:38', '2019-05-26 22:55:48', 0);
INSERT INTO `dt_appeal` VALUES (22, 23, 2, 'superadmin', '我才二十岁，不想这么离开', '<h2><strong style=\"color: rgb(0, 112, 192);\">核心提示：</strong>近日，郑州大学体育学院15级体育教育专业学生左文武，在自己的微信、QQ上写下了这么一段话，透露着无奈和求生的希望。而至今半年多的时间里，他都一直在坚强地与病魔进行着抗争。</h2><p><img src=\"http://donate-store.oss-cn-beijing.aliyuncs.com/user_img/1558882982732.jpg\"></p><p>	<strong>中国搜索郑州11月29日讯</strong>&nbsp;“有些事情难以启齿，但实在没办法我才会求助于大家，求助好心的你!我不想放弃，我才二十岁，我不想就这么离开!”近日，郑州大学体育学院15级体育教育专业学生左文武，在自己的微信、QQ上写下了这么一段话，透露着无奈和求生的希望。而至今半年多的时间里，他都一直在坚强地与病魔进行着抗争。</p><p>	左文武出生于信阳息县，生性爱好运动。高中时，左文武通过自己的努力取得了国家二级运动员证书。然而就在高考前，左文武感觉胸口疼痛难忍，但他依然坚持着参加了考试，并成功考入郑州大学体育学院。不幸的是，2015年6月份左文武在武汉协和医院被确诊为间叶性软组织肉瘤，手术切除了左侧第九根肋骨。</p><p><img src=\"http://donate-store.oss-cn-beijing.aliyuncs.com/user_img/1558883017820.jpg\"></p><p>	最终左文武在上海复旦大学肿瘤医院住下开始治疗，从手术到现在放化疗，已经花去近五十余万元。“我的肿瘤已经扩散到食管附近了，现在吃饭都有种异物阻挡的感觉。”左文武说，主治医生告诉他医药公司最近出了一种软组织新药，也属于特效药，可能会对他的病情有所帮助，但需要先缴纳三十余万元的费用。虽然他的父母为了给儿子治病东拼西凑，但离要求还相差甚远，“现在家里就剩下住的房子了，已经准备变卖。”</p><p><br></p>', 1, 0, 0, 6, 'http://donate-store.oss-cn-beijing.aliyuncs.com/user_img/1558883025086.jpg', 50000.00, 0.60, '2019-05-26 23:04:07', '2019-05-26 23:04:07', 0);
INSERT INTO `dt_appeal` VALUES (23, 24, 2, 'superadmin', '救救肾结石少年---薛志聪', '<p>救救肾结石少年---薛志聪</p><p><img src=\"http://donate-store.oss-cn-beijing.aliyuncs.com/user_img/1558945758385.jpg\"></p><p><br></p><p><br></p><p>救救肾结石少年---薛志聪</p>', 1, 0, 1, 0, 'http://donate-store.oss-cn-beijing.aliyuncs.com/user_img/1558945774207.jpg', 200000.00, 0.00, '2019-05-27 16:30:23', '2019-05-27 16:30:23', 0);
INSERT INTO `dt_appeal` VALUES (24, 25, 2, 'superadmin', '贫困学子-需要你的帮扶', '<p>作为十方教育的创始人、董事长，多年来<strong>周敏霞</strong>一直奔走在资助家庭经济困难学生的第一线。“一方有难，十方支援”这就是周敏霞一直以来坚持做公益的初衷。从2000年帮助第一个学生，到现在，周敏霞在资助的这条路上已经走了近20年。</p><p>周敏霞帮助的第一个孩子叫<strong>高彦山</strong>，老家在山东临沂，由于父母生病他不得不休学打工来凑学费。那时候的周敏霞和丈夫都只是钢铁厂的普通职工，家里也并不算多富裕，但在周敏霞看来自己的这一举动可能会改变孩子的一生。</p><p><img src=\"http://donate-store.oss-cn-beijing.aliyuncs.com/user_img/1558964722190.jpeg\"></p><p class=\"ql-align-justify\">每年高彦山的母亲都会<strong>绣两双鞋垫</strong>给周敏霞寄来，可她从来不舍得垫，在她看来这是别人对自己的感恩，这份恩她要一直保存着，只要看到这些充满了爱的鞋垫，她的内心也总是说不出的感动和温暖。</p><p class=\"ql-align-justify\"><img src=\"http://donate-store.oss-cn-beijing.aliyuncs.com/user_img/1558964774027.jpeg\"></p><p class=\"ql-align-justify\">大爱无疆，十方教育会不遗余力大力开展各种各样的公益活动，让更多的人感受到爱和参与分享爱。本期的温暖中国人<strong>《用爱温暖每一个贫困学子》</strong>中，<strong>周敏霞和十方教育志愿者们为郭店环卫工人做水饺，以及去敬老院看望孤独老人。这中间又有哪些温暖的故事呢？</strong></p><p><br></p><p><br></p>', 1, 0, 1, 0, 'http://donate-store.oss-cn-beijing.aliyuncs.com/user_img/1558964774590.jpeg', 6000.00, 0.00, '2019-05-28 21:46:18', '2019-05-28 21:46:18', 0);
INSERT INTO `dt_appeal` VALUES (25, 26, 2, 'superadmin', 'demo测试', '<p>今天上午，陕西门业协会监事长、西安铭耐达公司总经理、长安政协委员肖兴时，率陕西门业协会诸位爱心人士为豆角镇村贫困大学生送来一万元助学金和学习用品及过冬用的衣物。</p><p><img src=\"http://donate-store.oss-cn-beijing.aliyuncs.com/user_img/1559117910688.jpeg\"></p><p>子午街办南豆角村学生肖彩去年考入西安市职业技术学院，因其家庭贫困一度止步于校门之外，肖兴石得知后当即捐赠7000元让其圆梦大学。</p><p><img src=\"http://donate-store.oss-cn-beijing.aliyuncs.com/user_img/1559117942269.jpeg\"></p><p>今年是第二年，由于肖彩父母没有任何经济来源，学费又成了头疼的事。肖兴石今年不仅将助学金增至一万元，还送了学习用品及服装，并鼓励她好好学习，承诺今后会帮扶到她毕业后为她找到工作为止。肖彩在感激肖总的捐赠其助学金的同时，表示一定要用好的学习成绩回报帮助她的人，并会积极回报社会。</p><p><br></p>', 1, 0, 0, 3, 'http://donate-store.oss-cn-beijing.aliyuncs.com/user_img/1559117945714.jpeg', 20000.00, 0.30, '2019-05-29 16:19:11', '2019-05-29 16:19:11', 0);
INSERT INTO `dt_appeal` VALUES (26, 27, 2, 'superadmin', '0530测试', '<p>今天上午，陕西门业协会监事长、西安铭耐达公司总经理、长安政协委员肖兴时，率陕西门业协会诸位爱心人士为豆角镇村贫困大学生送来一万元助学金和学习用品及过冬用的衣物。</p><p><img src=\"http://donate-store.oss-cn-beijing.aliyuncs.com/user_img/1559220856836.jpeg\"></p><p><br></p><p>子午街办南豆角村学生肖彩去年考入西安市职业技术学院，因其家庭贫困一度止步于校门之外，肖兴石得知后当即捐赠7000元让其圆梦大学。</p><p><img src=\"http://donate-store.oss-cn-beijing.aliyuncs.com/user_img/1559220880885.jpeg\"></p><p>今年是第二年，由于肖彩父母没有任何经济来源，学费又成了头疼的事。肖兴石今年不仅将助学金增至一万元，还送了学习用品及服装，并鼓励她好好学习，承诺今后会帮扶到她毕业后为她找到工作为止。肖彩在感激肖总的捐赠其助学金的同时，表示一定要用好的学习成绩回报帮助她的人，并会积极回报社会。</p><p><br></p>', 0, 0, 0, 6, 'http://donate-store.oss-cn-beijing.aliyuncs.com/user_img/1559220895106.jpeg', 56000.00, 0.60, '2019-05-30 20:54:59', '2019-05-30 20:54:59', 0);
INSERT INTO `dt_appeal` VALUES (27, 28, NULL, NULL, '0531测试', '<p>今天上午，陕西门业协会监事长、西安铭耐达公司总经理、长安政协委员肖兴时，率陕西门业协会诸位爱心人士为豆角镇村贫困大学生送来一万元助学金和学习用品及过冬用的衣物。</p><p><img src=\"http://donate-store.oss-cn-beijing.aliyuncs.com/user_img/1559273524174.jpeg\"></p><p>子午街办南豆角村学生肖彩去年考入西安市职业技术学院，因其家庭贫困一度止步于校门之外，肖兴石得知后当即捐赠7000元让其圆梦大学。</p><p><br></p><p><br></p><p><img src=\"http://donate-store.oss-cn-beijing.aliyuncs.com/user_img/1559273541212.jpeg\"></p><p>今年是第二年，由于肖彩父母没有任何经济来源，学费又成了头疼的事。肖兴石今年不仅将助学金增至一万元，还送了学习用品及服装，并鼓励她好好学习，承诺今后会帮扶到她毕业后为她找到工作为止。肖彩在感激肖总的捐赠其助学金的同时，表示一定要用好的学习成绩回报帮助她的人，并会积极回报社会。</p><p><br></p><p><br></p><p><br></p><p>子午街办领导和村主任对肖兴时及陕西门业协会爱心人士义举表示感谢，同时呼吁社会关注弱势群体，让贫困学生不因学费止步于大学校门，让弱势群体感受社会的温暖。</p><p><br></p>', 1, 0, 1, 0, 'http://donate-store.oss-cn-beijing.aliyuncs.com/user_img/1559273564339.jpeg', 66666.00, 0.00, '2019-05-31 11:32:43', '2019-05-31 11:32:43', 0);

-- ----------------------------
-- Table structure for dt_apply
-- ----------------------------
DROP TABLE IF EXISTS `dt_apply`;
CREATE TABLE `dt_apply`  (
  `id` int(11) NOT NULL AUTO_INCREMENT COMMENT '申请表Id',
  `user_id` int(11) DEFAULT NULL COMMENT '申请人Id',
  `user_name` varchar(255) CHARACTER SET utf8 COLLATE utf8_general_ci DEFAULT NULL COMMENT '用户名',
  `verify_user_id` int(11) DEFAULT NULL COMMENT '审核人id',
  `title` varchar(255) CHARACTER SET utf8 COLLATE utf8_general_ci DEFAULT NULL COMMENT '标题',
  `content` text CHARACTER SET utf8 COLLATE utf8_general_ci COMMENT '内容',
  `apply_type` int(4) DEFAULT NULL COMMENT '类型：0公益；1个人',
  `apply_state` int(4) DEFAULT NULL COMMENT '状态：0，审核中；1，通过；2拒绝',
  `goal` decimal(10, 2) DEFAULT NULL COMMENT '目标',
  `completed` int(4) DEFAULT NULL COMMENT '完成：0已经，1进行，2下线',
  `gmt_created` datetime(0) DEFAULT NULL COMMENT '创建时间',
  `gmt_modified` datetime(0) DEFAULT NULL COMMENT '修改时间',
  `file` varchar(255) CHARACTER SET utf8 COLLATE utf8_general_ci DEFAULT NULL COMMENT '照片链接',
  `is_deleted` int(4) DEFAULT NULL COMMENT '是否删除',
  PRIMARY KEY (`id`) USING BTREE
) ENGINE = InnoDB AUTO_INCREMENT = 29 CHARACTER SET = utf8 COLLATE = utf8_general_ci ROW_FORMAT = Compact;

-- ----------------------------
-- Records of dt_apply
-- ----------------------------
INSERT INTO `dt_apply` VALUES (13, 2, 'superadmin', NULL, '圆梦大学，爱心传递', '<p><img src=\"http://donate-store.oss-cn-beijing.aliyuncs.com/user_img/1558171773999.jpg\">测试测试测试测试测试测试测试测试测试测试测试测试测试测试测试测试测试测试测试测试测试测试测试测试测试测试测试测试测试测试测试测试测试测试测试测试测试测试测试测试测试测试测试测试测试测试测试测试测试测试测试测试测试测试测试测试测试测试测试测试测试测试测试测试测试测试测试测试测试测试测试测试测试测试测试测试测试测试测试测试测试测试测试测试测试测试测试测试<img src=\"http://donate-store.oss-cn-beijing.aliyuncs.com/user_img/1558171773999.jpg\">测试测试测试测试</p><p>测试测试测试测试测试测试测试测试测试测试测试测试测试测试测试测试测试测试测试测试测试测试测试测试测试测试测试测试测试测试测试测试测试测试测试测试测试测试测试测试测试测试测试测试</p>', 1, 0, 10000.00, 1, '2019-05-23 17:30:20', '2019-05-23 17:30:20', 'http://donate-store.oss-cn-beijing.aliyuncs.com/user_img/1558171782418.jpg', 0);
INSERT INTO `dt_apply` VALUES (14, 3, 'aaa', NULL, '救救孩子', '<p>救救孩子救救孩子救救孩子救救孩子救救孩子救救孩子救救孩子救救孩子救救孩子救救孩子救救孩子救救孩子救救孩子救救孩子救救孩子救救孩子救救孩子救救孩子救救孩子救救孩子救救孩子救救孩子救救孩子救救孩子救救孩子救救孩子救救孩子救救孩子救救孩子救救孩子救救孩子救救孩子救救孩子救救孩子救救孩子救救孩子救救孩子救救孩子救救孩子救救孩子救救孩子救救孩子救救孩子救救孩子救救孩子救救孩子救救孩子救救孩子救救孩子救救孩子救救孩子救救孩子救救孩子救救孩子救救孩子救救孩子救救孩子救救孩子救救孩子救救孩子救救孩子救救孩子<img src=\"http://donate-store.oss-cn-beijing.aliyuncs.com/user_img/1558179467309.jpg\">救救孩子救救孩子救救救孩子救救孩子救救孩子救救孩子救救孩子救孩子救救孩子救救孩子救救孩子救救孩子救救孩子救救孩子救救孩子救救孩子救救孩子救救孩子救救孩子救救孩子救救孩子救救孩子救救孩子救救孩子救救孩子救救孩子救救孩子救救孩子救救孩子救救孩子</p><p>救救孩子救救孩子救救孩子救救孩子救救孩子救救孩子救救孩子救救孩子救救孩子救救孩子救救孩子救救孩子救救孩子救救孩子救救孩子救救孩子救救孩子救救孩子救救孩子救救孩子救救孩子救救孩子救救孩子救救孩子救救孩子救救孩子救救孩子救救孩子救救孩子救救孩子救救孩子救救孩子救救孩子救救孩子救救孩子救救孩子救救孩子救救孩子救救孩子救救孩子救救孩子救救孩子救救孩子救救孩子救救孩子救救孩子救救孩子救救孩子救救孩子救救孩子救救孩子救救孩子救救孩子救救孩子救救孩子救救孩子救救孩子救救孩子救救孩子救救孩子救救孩子救救孩子<img src=\"http://donate-store.oss-cn-beijing.aliyuncs.com/user_img/1558179467309.jpg\">救救孩子救救孩子救救救孩子救救孩子救救孩子救救孩子救救孩子救孩子救救孩子救救孩子救救孩子救救孩子救救孩子救救孩子救救孩子救救孩子救救孩子救救孩子救救孩子救救孩子救救孩子救救孩子救救孩子救救孩子救救孩子救救孩子救救孩子救救孩子救救孩子救救孩子</p>', 1, 0, 12000.00, 1, '2019-05-24 19:38:22', '2019-05-24 19:38:22', 'http://donate-store.oss-cn-beijing.aliyuncs.com/user_img/1558179472760.jpg', 0);
INSERT INTO `dt_apply` VALUES (15, 3, 'aaa', NULL, '救救支离破碎的家庭', '<p><img src=\"http://donate-store.oss-cn-beijing.aliyuncs.com/user_img/1558182451239.jpg\"></p><p><span style=\"color: rgb(119, 119, 119);\">尘肺病侵蚀并剥夺他们享有自由呼吸的权利，如不及时治疗病情逐步升级。尘肺病高发地，众多</span></p><p><span style=\"color: rgb(119, 119, 119);\">患者亟需救助。引起社会关注的“窒息的村庄”就是一个缩影。生活在大山深处的农民怀揣致富</span></p><p><span style=\"color: rgb(119, 119, 119);\">梦想，在漆黑的巷道和不见天日的粉尘弥漫环境中从事高强度体力劳动，没有任何有效防护，上</span></p><p><span style=\"color: rgb(119, 119, 119);\">百名青壮年不幸染上尘肺病，家庭陷入极度贫困。</span></p><p><img src=\"http://donate-store.oss-cn-beijing.aliyuncs.com/user_img/1558182486477.jpg\"></p><p><span style=\"color: rgb(119, 119, 119);\">贵州省姚见玖在个体矿山打工14年，2001年确诊尘肺病，没有工伤保障，治病花光家中积蓄，</span></p><p><span style=\"color: rgb(119, 119, 119);\">老婆不堪忍受贫困，离家出走，留下三个年幼的孩子。我会为他进行了肺灌洗手术后，病情好</span></p><p><span style=\"color: rgb(119, 119, 119);\">转。他高兴地说：“我胸不痛了，气喘也消失了， 回去也能干些活了，感谢基金会，是你们救</span></p><p><span style=\"color: rgb(119, 119, 119);\">了我的命”。</span></p>', 1, 0, 20000.00, 1, '2019-05-25 20:28:51', '2019-05-25 20:28:51', 'http://donate-store.oss-cn-beijing.aliyuncs.com/user_img/1558182531220.jpg', 0);
INSERT INTO `dt_apply` VALUES (16, 3, 'aaa', NULL, '爱心捐助 情暖校园', '<h3 class=\"ql-align-justify\">	  送人玫瑰，手留余香。12月21日，在这碧空如洗、阳光明媚的一天，我县高杰村镇政府领导鲍东东，司法所</h3><h3 class=\"ql-align-justify\">所长贺志文，社会各界爱心人士及企业代表及家长汇聚我校，一同迎来了\"送温暖、献爱心\"爱心捐赠活动。</h3><h3 class=\"ql-align-justify\">我们是一所乡镇九年制学校，多年来，我们接受着来自方方面面的支教与捐赠，他们的每一次到来，都激励我们奋力前行。我们铭记于心。这些支持与关爱，犹如一股暖流浸润我们心田，我们感到无比幸福。各界爱心人士，他们关注孩子，关注老师，他们愿尽可能多的发现问题，解决问题，探索解决问题的路径。</h3><p><img src=\"http://donate-store.oss-cn-beijing.aliyuncs.com/user_img/1558275249415.jpg\"></p><h3 class=\"ql-align-center\"><strong>捐赠仪式正式开始，由我校领导白主任主持</strong></h3><h3 class=\"ql-align-justify\"><strong>　 六年级白清霞同学代表受资助的学生发言，以表达全校师生对爱心人士的感激之情，同时也表明了自己</strong></h3><h3 class=\"ql-align-justify\"><strong>及其他同学一定会倍加努力，争取做一个对社会有用的人。</strong></h3><h3 class=\"ql-align-justify\"><strong>　　爱心人士为我校贫困生送来了棉衣与书包，看着这些充满爱心的崭新的棉衣与书包，同学们激动不已。</strong></h3>', 0, 0, 20000.00, 1, '2019-05-19 22:14:39', '2019-05-19 22:14:39', 'http://donate-store.oss-cn-beijing.aliyuncs.com/user_img/1558275264790.jpg', 0);
INSERT INTO `dt_apply` VALUES (17, 3, 'aaa', NULL, '走进校园传递爱心', '<h3 class=\"ql-align-justify\">　　寒冬无情，真爱无价。12月29日孙家集街道办事处李主任，驻街道市人大代表，孙家集教育学区梁增堂主任，宏源集团领导共同来到孙家集中心小学举行爱心捐赠活动，给孙家集街道的寒门学子送上关爱。</h3><p><img src=\"http://donate-store.oss-cn-beijing.aliyuncs.com/user_img/1558275550384.jpg\"></p><h3 class=\"ql-align-justify\">　　扶危救困、捐资助学是我们中华民族的传统美德，关心和救助贫困学生，一直以来是孙家集街道党委、街道办事处、教办高度重视的问题，“资助一名贫困生，温暖一个家庭，播种一个希望，成就一个未来”已成为街道上下的共识。</h3><p><img src=\"http://donate-store.oss-cn-beijing.aliyuncs.com/user_img/1558275557886.jpg\"></p><h3 class=\"ql-align-justify\">        这次捐助贫困学生的倡议一经发出，就得到了良心企业宏源集团及社会各界的积极响应和大力支持，用实际行动诠释了“人大代表为人民”的风采和“心系教育、关爱学生”的社会责任。</h3><p><br></p>', 0, 0, 26000.00, 1, '2019-05-19 22:20:20', '2019-05-19 22:20:20', 'http://donate-store.oss-cn-beijing.aliyuncs.com/user_img/1558275626626.jpeg', 0);
INSERT INTO `dt_apply` VALUES (18, 3, 'aaa', NULL, '爱心涌动 情满校园', '<p>为弘扬雷锋精神，丰富学生校园生活，我校高一年级于2018年3月12日下午举行校园爱心义卖活动。 篮球场上，以班级为单位的摊位依次铺开，书籍、文具、工艺品、生活用品等一应俱全，每班还安排了推销员、记账员、环保员等。活动现场，人头攒动，热情的叫卖声不绝于耳，摩肩接踵，爱心如潮，盛况空前！一个小时的义卖活动虽然短暂，但同学们收获颇多。他们不仅在买卖中体会了交易的规则，更体验到了一份奉献、付出的快乐。 涓涓细流汇成海，点点爱心聚希望。本次爱心义卖活动共筹得善款10536.7元，这些善款将转交校团委，由校团委组织学生志愿者服务队，慰问市社会福利院的孤寡老人和市儿童福利院的孩子们。</p><p><img src=\"http://donate-store.oss-cn-beijing.aliyuncs.com/user_img/1558275743678.jpg\"></p>', 0, 0, 12345.00, 1, '2019-05-19 22:22:29', '2019-05-19 22:22:29', 'http://donate-store.oss-cn-beijing.aliyuncs.com/user_img/1558275749180.jpg', 0);
INSERT INTO `dt_apply` VALUES (19, 2, 'superadmin', NULL, '我想活着', '<p><span style=\"background-color: rgb(255, 255, 255);\">2018年12月31日凌晨，河南郑州一居民楼发生突发火灾，危急时刻，16岁的姐姐周月莹将12岁的弟弟周京奥抱在怀中，把仅有的一条湿毛巾捂在弟弟脸上，用自己的身体为弟弟筑起一道防火墙。姐弟俩下楼冲出火场时，一股夹杂着浓烟和火苗的巨大热浪推动了防盗门，拍晕了姐弟俩。生死关头，消防官兵冲入火海，成功救出了所有被困人员。</span></p><p><img src=\"http://donate-store.oss-cn-beijing.aliyuncs.com/user_img/1558350841780.jpg\"></p><p><br></p><p><span style=\"background-color: rgb(255, 255, 255);\">在郑州市第一人民医院的病床上，姐弟俩昏迷了两天才醒过来。姐姐烧伤面积高达90%，全身上下没有一块好皮肤；弟弟烧伤面积60%，屁股和腿都被烧烂了。死里逃生的姐姐，被镜子里的自己吓了一跳，满脸烧伤的疤痕，没有一处好地方，几乎看不出本来的模样了。她哭着说自己变成了一个丑八怪，以后嫁不出去了。</span></p><p><br></p><p><br></p>', 1, 0, 200000.00, 1, '2019-05-20 19:14:36', '2019-05-20 19:14:36', 'http://donate-store.oss-cn-beijing.aliyuncs.com/user_img/1558350794503.jpg', 0);
INSERT INTO `dt_apply` VALUES (20, 5, 'ccc', NULL, '我要重新站起来', '<p>我叫张元龙今年27岁，我是一名国通快递公司的班车司机，2016年6月20日下班途中，被一辆逆行超车的面包车撞成了高位截瘫，险些丧命。无情的车祸给我带来的是无尽的痛苦、折磨，同时高昂的医疗费用对于一个普通家庭更是沉重的打击。</p><p><img src=\"http://donate-store.oss-cn-beijing.aliyuncs.com/user_img/1558872366186.jpg\"></p><p>我当时在ICU重症监护室抢救了两个月，终于保住了性命,但是伤到了神经，恢复起来异常的艰难，现在已经一年多了我还只能躺在床上来面对这个世界。父母已经50多岁了，还要为我日夜操劳，每天24小时神经都要紧绷着。女儿才四岁，小儿子一岁九个月，妻子一直没有出去工作过。我现在生活不能自理，至少还需要两个人24小时照顾。因为长期卧床最可怕的是并发症，压疮、肌肉萎缩、结石、痉挛、缺氧，每一项都是致命的。</p><p><img src=\"http://donate-store.oss-cn-beijing.aliyuncs.com/user_img/1558872419170.jpg\"></p><p>27岁，正是年富力强呈上启下的阶段，但是命运却给我开了个天大的玩笑，让我上不能孝顺父母下不能养育子女。我的第一次治疗是在开封市中心医院五福路院区，治疗164天花费26万余元，后来转诊到北京博爱医院进行专业康复，87天花费5万余元。仅仅一年多的时间里，我的医疗费用共花了50多万元，其中有30多万都是借款。</p><p><br></p>', 0, 0, 30000.00, 1, '2019-05-26 20:07:53', '2019-05-26 20:07:53', 'http://donate-store.oss-cn-beijing.aliyuncs.com/user_img/1558872463752.jpg', 0);
INSERT INTO `dt_apply` VALUES (21, 6, 'ddd', NULL, '校园爱心，帮扶他人', '<p><span style=\"background-color: rgb(255, 255, 255); color: rgb(51, 51, 51);\">&nbsp;春节，一个与家人一同共享欢乐的喜庆日子，对我来说却是那么的可望而不可即。1月24日，由于身体极度难受，家人带我前往医院诊断，最终被确诊为急性白血病，一场艰难的攻坚战也由此拉开了序幕。</span></p><p><span style=\"background-color: rgb(255, 255, 255); color: rgb(51, 51, 51);\">明天与意外，你永远也不知道哪一个先降临！今日我算是切身体会到了这一点。</span></p><p><span style=\"background-color: rgb(255, 255, 255); color: rgb(51, 51, 51);\">我叫袁赟，一名南昌航空大学的普通大三学生，出生于一个普通的农村家庭，家中除了父母外，还有一个年幼的弟弟。父母文化程度低，一直靠打工、做小本生意养活这个大家庭。自打我进入大学以来，我一直是父母的骄傲，学习上刻苦用功，闲暇时刻一直做兼职，缓解家庭的经济压力，日子过得都很开心。直到有一日，晨起漱口的时候，突然发现漱口时略微带有一丝血迹，但是当时的我并没有太在意。到后来，出血的频率愈来愈多，我也只是单纯的以为是口腔类疾病，没什么大碍。直到年前，实在疼痛难忍，便于父母一同前往医院就诊。而诊断结果却给了我们这个不堪的家庭沉重一击——急性髓性白血病-M2a型。</span></p><p><img src=\"http://donate-store.oss-cn-beijing.aliyuncs.com/user_img/1558874527494.jpg\"></p><p><span style=\"background-color: rgb(255, 255, 255); color: rgb(51, 51, 51);\">得知噩耗后，父母都为之憔悴，奈何家境贫寒，家中还有一个年幼十岁的弟弟，家庭的那些微薄收入，本已让我们一家人的生活捉襟见肘，如今我也倒下，更是加重家庭负担。之前第一个疗程就用了将近三万，随后还需要近六、七次化疗，而且每次化疗需要将近六七万，然后准备移植，移植这边还要准备好50万，这天文数字般的费用让我们深感无力！</span></p><p><img src=\"http://donate-store.oss-cn-beijing.aliyuncs.com/user_img/1558874558740.jpg\"></p><p><span style=\"background-color: rgb(255, 255, 255); color: rgb(51, 51, 51);\">我一直很开朗，大学生活教会了我许多。我明白，这是属于我的一段万里长征路，但我还是恳请各位社会好心人士能够给予我们这个家庭一点援助，帮助我们度过这个生命的难关，能够让我完成学业，减轻家庭负担，为父母颐养天年。衷心的感谢每一位帮助我的人，只要还有一丝希望我都一定会坚持下去的，也祝愿大家身体健康。谢谢大家！</span></p>', 0, 0, 60000.00, 1, '2019-05-26 20:43:01', '2019-05-26 20:43:01', 'http://donate-store.oss-cn-beijing.aliyuncs.com/user_img/1558874575955.jpg', 0);
INSERT INTO `dt_apply` VALUES (22, 4, 'bbb', NULL, '公益万里行——捐赠暖校园', '<p>	又是一年寒冬际，最是情暖岁寒时。12月26日上午，法学院党委书记周曼一行四人来到瑞金市瑞明小学，举行“爱心捐赠仪式”。瑞金市瑞明小学校长沈建芹、瑞金市教育局副局长杨小洲、法学院副院长邓建中、李海峰、法学院周良慧博士以及瑞明小学教师参加了捐赠仪式。</p><p><img src=\"http://donate-store.oss-cn-beijing.aliyuncs.com/user_img/1558882439484.png\"></p><p>	学院情系瑞明小学，带着浓浓爱心，为瑞金市瑞明小学捐赠了10台电脑，改善了办公条件。随后，周书记一行参观了校园，了解教育教学开展情况，并希望发挥学院专业特色，继续与该瑞明小学结对子，进行更为深入开展普法宣传教育主题活动。</p><p><img src=\"http://donate-store.oss-cn-beijing.aliyuncs.com/user_img/1558882468488.png\"></p>', 1, 0, 30000.00, 1, '2019-05-26 22:55:04', '2019-05-26 22:55:04', 'http://donate-store.oss-cn-beijing.aliyuncs.com/user_img/1558882481506.png', 0);
INSERT INTO `dt_apply` VALUES (23, 4, 'bbb', NULL, '我才二十岁，不想这么离开', '<h2><strong style=\"color: rgb(0, 112, 192);\">核心提示：</strong>近日，郑州大学体育学院15级体育教育专业学生左文武，在自己的微信、QQ上写下了这么一段话，透露着无奈和求生的希望。而至今半年多的时间里，他都一直在坚强地与病魔进行着抗争。</h2><p><img src=\"http://donate-store.oss-cn-beijing.aliyuncs.com/user_img/1558882982732.jpg\"></p><p>	<strong>中国搜索郑州11月29日讯</strong>&nbsp;“有些事情难以启齿，但实在没办法我才会求助于大家，求助好心的你!我不想放弃，我才二十岁，我不想就这么离开!”近日，郑州大学体育学院15级体育教育专业学生左文武，在自己的微信、QQ上写下了这么一段话，透露着无奈和求生的希望。而至今半年多的时间里，他都一直在坚强地与病魔进行着抗争。</p><p>	左文武出生于信阳息县，生性爱好运动。高中时，左文武通过自己的努力取得了国家二级运动员证书。然而就在高考前，左文武感觉胸口疼痛难忍，但他依然坚持着参加了考试，并成功考入郑州大学体育学院。不幸的是，2015年6月份左文武在武汉协和医院被确诊为间叶性软组织肉瘤，手术切除了左侧第九根肋骨。</p><p><img src=\"http://donate-store.oss-cn-beijing.aliyuncs.com/user_img/1558883017820.jpg\"></p><p>	最终左文武在上海复旦大学肿瘤医院住下开始治疗，从手术到现在放化疗，已经花去近五十余万元。“我的肿瘤已经扩散到食管附近了，现在吃饭都有种异物阻挡的感觉。”左文武说，主治医生告诉他医药公司最近出了一种软组织新药，也属于特效药，可能会对他的病情有所帮助，但需要先缴纳三十余万元的费用。虽然他的父母为了给儿子治病东拼西凑，但离要求还相差甚远，“现在家里就剩下住的房子了，已经准备变卖。”</p><p><br></p>', 1, 0, 50000.00, 1, '2019-05-26 23:04:07', '2019-05-26 23:04:07', 'http://donate-store.oss-cn-beijing.aliyuncs.com/user_img/1558883025086.jpg', 0);
INSERT INTO `dt_apply` VALUES (24, 5, 'ccc', NULL, '救救肾结石少年---薛志聪', '<p>救救肾结石少年---薛志聪</p><p><img src=\"http://donate-store.oss-cn-beijing.aliyuncs.com/user_img/1558945758385.jpg\"></p><p><br></p><p><br></p><p>救救肾结石少年---薛志聪</p>', 1, 0, 200000.00, 1, '2019-05-27 16:30:19', '2019-05-27 16:30:19', 'http://donate-store.oss-cn-beijing.aliyuncs.com/user_img/1558945774207.jpg', 0);
INSERT INTO `dt_apply` VALUES (25, 6, 'ddd', NULL, '贫困学子-需要你的帮扶', '<p>作为十方教育的创始人、董事长，多年来<strong>周敏霞</strong>一直奔走在资助家庭经济困难学生的第一线。“一方有难，十方支援”这就是周敏霞一直以来坚持做公益的初衷。从2000年帮助第一个学生，到现在，周敏霞在资助的这条路上已经走了近20年。</p><p>周敏霞帮助的第一个孩子叫<strong>高彦山</strong>，老家在山东临沂，由于父母生病他不得不休学打工来凑学费。那时候的周敏霞和丈夫都只是钢铁厂的普通职工，家里也并不算多富裕，但在周敏霞看来自己的这一举动可能会改变孩子的一生。</p><p><img src=\"http://donate-store.oss-cn-beijing.aliyuncs.com/user_img/1558964722190.jpeg\"></p><p class=\"ql-align-justify\">每年高彦山的母亲都会<strong>绣两双鞋垫</strong>给周敏霞寄来，可她从来不舍得垫，在她看来这是别人对自己的感恩，这份恩她要一直保存着，只要看到这些充满了爱的鞋垫，她的内心也总是说不出的感动和温暖。</p><p class=\"ql-align-justify\"><img src=\"http://donate-store.oss-cn-beijing.aliyuncs.com/user_img/1558964774027.jpeg\"></p><p class=\"ql-align-justify\">大爱无疆，十方教育会不遗余力大力开展各种各样的公益活动，让更多的人感受到爱和参与分享爱。本期的温暖中国人<strong>《用爱温暖每一个贫困学子》</strong>中，<strong>周敏霞和十方教育志愿者们为郭店环卫工人做水饺，以及去敬老院看望孤独老人。这中间又有哪些温暖的故事呢？</strong></p><p><br></p><p><br></p>', 1, 0, 6000.00, 1, '2019-05-28 21:46:17', '2019-05-28 21:46:17', 'http://donate-store.oss-cn-beijing.aliyuncs.com/user_img/1558964774590.jpeg', 0);
INSERT INTO `dt_apply` VALUES (26, 6, 'ddd', NULL, 'demo测试', '<p>今天上午，陕西门业协会监事长、西安铭耐达公司总经理、长安政协委员肖兴时，率陕西门业协会诸位爱心人士为豆角镇村贫困大学生送来一万元助学金和学习用品及过冬用的衣物。</p><p><img src=\"http://donate-store.oss-cn-beijing.aliyuncs.com/user_img/1559117910688.jpeg\"></p><p>子午街办南豆角村学生肖彩去年考入西安市职业技术学院，因其家庭贫困一度止步于校门之外，肖兴石得知后当即捐赠7000元让其圆梦大学。</p><p><img src=\"http://donate-store.oss-cn-beijing.aliyuncs.com/user_img/1559117942269.jpeg\"></p><p>今年是第二年，由于肖彩父母没有任何经济来源，学费又成了头疼的事。肖兴石今年不仅将助学金增至一万元，还送了学习用品及服装，并鼓励她好好学习，承诺今后会帮扶到她毕业后为她找到工作为止。肖彩在感激肖总的捐赠其助学金的同时，表示一定要用好的学习成绩回报帮助她的人，并会积极回报社会。</p><p><br></p>', 1, 0, 20000.00, 1, '2019-05-29 16:19:11', '2019-05-29 16:19:11', 'http://donate-store.oss-cn-beijing.aliyuncs.com/user_img/1559117945714.jpeg', 0);
INSERT INTO `dt_apply` VALUES (27, 6, 'ddd', NULL, '0530测试', '<p>今天上午，陕西门业协会监事长、西安铭耐达公司总经理、长安政协委员肖兴时，率陕西门业协会诸位爱心人士为豆角镇村贫困大学生送来一万元助学金和学习用品及过冬用的衣物。</p><p><img src=\"http://donate-store.oss-cn-beijing.aliyuncs.com/user_img/1559220856836.jpeg\"></p><p><br></p><p>子午街办南豆角村学生肖彩去年考入西安市职业技术学院，因其家庭贫困一度止步于校门之外，肖兴石得知后当即捐赠7000元让其圆梦大学。</p><p><img src=\"http://donate-store.oss-cn-beijing.aliyuncs.com/user_img/1559220880885.jpeg\"></p><p>今年是第二年，由于肖彩父母没有任何经济来源，学费又成了头疼的事。肖兴石今年不仅将助学金增至一万元，还送了学习用品及服装，并鼓励她好好学习，承诺今后会帮扶到她毕业后为她找到工作为止。肖彩在感激肖总的捐赠其助学金的同时，表示一定要用好的学习成绩回报帮助她的人，并会积极回报社会。</p><p><br></p>', 0, 0, 56000.00, 1, '2019-05-30 20:54:59', '2019-05-30 20:54:59', 'http://donate-store.oss-cn-beijing.aliyuncs.com/user_img/1559220895106.jpeg', 0);
INSERT INTO `dt_apply` VALUES (28, 5, 'ccc', NULL, '0531测试', '<p>今天上午，陕西门业协会监事长、西安铭耐达公司总经理、长安政协委员肖兴时，率陕西门业协会诸位爱心人士为豆角镇村贫困大学生送来一万元助学金和学习用品及过冬用的衣物。</p><p><img src=\"http://donate-store.oss-cn-beijing.aliyuncs.com/user_img/1559273524174.jpeg\"></p><p>子午街办南豆角村学生肖彩去年考入西安市职业技术学院，因其家庭贫困一度止步于校门之外，肖兴石得知后当即捐赠7000元让其圆梦大学。</p><p><br></p><p><br></p><p><img src=\"http://donate-store.oss-cn-beijing.aliyuncs.com/user_img/1559273541212.jpeg\"></p><p>今年是第二年，由于肖彩父母没有任何经济来源，学费又成了头疼的事。肖兴石今年不仅将助学金增至一万元，还送了学习用品及服装，并鼓励她好好学习，承诺今后会帮扶到她毕业后为她找到工作为止。肖彩在感激肖总的捐赠其助学金的同时，表示一定要用好的学习成绩回报帮助她的人，并会积极回报社会。</p><p><br></p><p><br></p><p><br></p><p>子午街办领导和村主任对肖兴时及陕西门业协会爱心人士义举表示感谢，同时呼吁社会关注弱势群体，让贫困学生不因学费止步于大学校门，让弱势群体感受社会的温暖。</p><p><br></p>', 1, 0, 66666.00, 1, '2019-05-31 11:32:43', '2019-05-31 11:32:43', 'http://donate-store.oss-cn-beijing.aliyuncs.com/user_img/1559273564339.jpeg', 0);

-- ----------------------------
-- Table structure for dt_bulletin
-- ----------------------------
DROP TABLE IF EXISTS `dt_bulletin`;
CREATE TABLE `dt_bulletin`  (
  `id` int(11) NOT NULL AUTO_INCREMENT,
  `created_user_id` int(11) DEFAULT NULL,
  `modified_user_id` int(11) DEFAULT NULL,
  `title` varchar(255) CHARACTER SET utf8 COLLATE utf8_general_ci DEFAULT NULL,
  `content` varchar(255) CHARACTER SET utf8 COLLATE utf8_general_ci DEFAULT NULL,
  `gmt_created` datetime(0) DEFAULT NULL,
  `gmt_modified` datetime(0) DEFAULT NULL,
  `is_show` int(4) DEFAULT NULL COMMENT '0：展示在首页；1：不展示在首页',
  `is_deleted` int(4) DEFAULT NULL,
  PRIMARY KEY (`id`) USING BTREE
) ENGINE = InnoDB AUTO_INCREMENT = 5 CHARACTER SET = utf8 COLLATE = utf8_general_ci ROW_FORMAT = Compact;

-- ----------------------------
-- Records of dt_bulletin
-- ----------------------------
INSERT INTO `dt_bulletin` VALUES (1, 1, 2, '测试公告1', '大家积极踊跃风险爱心啊发的发的方式读好书的覅鹿晗213231231342234324', '2019-01-03 11:55:45', '2019-05-15 13:56:37', 0, 0);
INSERT INTO `dt_bulletin` VALUES (2, 1, 2, '测试公告2', '测试公告234232432443', '2019-01-03 11:55:45', '2019-05-19 22:34:36', 0, 0);
INSERT INTO `dt_bulletin` VALUES (3, 1, 2, '测试公告3', '测试公告3333333', '2019-01-03 11:55:45', '2019-01-11 11:55:50', 0, 0);
INSERT INTO `dt_bulletin` VALUES (4, 2, 2, 'test_add', 'test_add', '2019-05-12 23:50:36', '2019-05-12 23:50:36', 1, 0);

SET FOREIGN_KEY_CHECKS = 1;
